[
  {
    "user": {
      "type": "other",
      "name": "Console"
    },
    "time": 1686325900134,
    "type": "Profiler",
    "data": {
      "type": "url",
      "value": "https://spark.lucko.me/Vr9Htzh8CT"
    }
  },
  {
    "user": {
      "type": "other",
      "name": "Console"
    },
    "time": 1686279029137,
    "type": "Profiler",
    "data": {
      "type": "url",
      "value": "https://spark.lucko.me/nriDoCoaVH"
    }
  },
  {
    "user": {
      "type": "other",
      "name": "Console"
    },
    "time": 1686278140861,
    "type": "Profiler",
    "data": {
      "type": "url",
      "value": "https://spark.lucko.me/po4Mbhz6NZ"
    }
  },
  {
    "user": {
      "type": "other",
      "name": "Console"
    },
    "time": 1686277632804,
    "type": "Profiler",
    "data": {
      "type": "url",
      "value": "https://spark.lucko.me/uT80vpzzgY"
    }
  }
]