{
  "biomeGeneration": {
    "generateCypressWetlands": true,
    "generateJellyfishCaves": true,
    "generateMixedForest": true,
    "generateOasis": true,
    "generateWarmRiver": true,
    "generateBirchTaiga": true,
    "generateOldGrowthBirchTaiga": true,
    "generateFlowerField": true,
    "generateAridSavanna": true,
    "generateParchedForest": true,
    "generateAridForest": true,
    "generateOldGrowthSnowyTaiga": true,
    "generateBirchJungle": true,
    "generateSparseBirchJungle": true,
    "generateOldGrowthDarkForest": true,
    "generateDarkBirchForest": true,
    "generateSemiBirchForest": true,
    "generateTemperateRainforest": true,
    "generateRainforest": true,
    "generateDarkTaiga": true
  },
  "biomePlacement": {
    "modifyWindsweptSavannaPlacement": true,
    "modifyJunglePlacement": true,
    "modifySwampPlacement": true,
    "modifyMangroveSwampPlacement": true
  },
  "betaBeaches": true,
  "dyingTrees": true,
  "fallenLogs": true,
  "wilderWildTreeGen": true,
  "wilderWildGrassGen": true,
  "wilderWildFlowerGen": true,
  "wilderWildBushGen": true,
  "wilderWildCactusGen": true,
  "wilderWildMushroomGen": true,
  "tumbleweed": true,
  "algae": true,
  "termite": true,
  "surfaceDecoration": true,
  "snowBelowTrees": true,
  "surfaceTransitions": true,
  "newWitchHuts": true
}