{
  "version": 1,
  "displayDebugData": false,
  "enabled": true,
  "leafSize": 5,
  "leafLifespan": 200,
  "leafSpawnRate": 10,
  "coniferLeafSpawnRate": 0,
  "snowflakeSpawnRate": 15,
  "dropFromPlayerPlacedBlocks": true,
  "leavesOnBlockHit": true,
  "minimumFreeSpaceBelow": 1,
  "windEnabled": true,
  "windlessDimensions": [
    "minecraft:the_end",
    "minecraft:the_nether"
  ],
  "leafSettings": {
    "croptopia:nectarine_crop": {
      "spawnRateFactor": 1.0,
      "isConiferBlock": false
    },
    "minecraft:mangrove_leaves": {
      "spawnRateFactor": 1.0,
      "isConiferBlock": false
    },
    "betternether:black_vine": {
      "spawnRateFactor": 1.0,
      "isConiferBlock": false
    },
    "terrestria:sakura_leaves": {
      "spawnRateFactor": 1.4,
      "isConiferBlock": false
    },
    "betternether:soul_vein": {
      "spawnRateFactor": 1.0,
      "isConiferBlock": false
    },
    "traverse:red_autumnal_leaves": {
      "spawnRateFactor": 1.8,
      "isConiferBlock": false
    },
    "betternether:stalagnate_seed": {
      "spawnRateFactor": 1.0,
      "isConiferBlock": false
    },
    "betternether:eye_vine": {
      "spawnRateFactor": 1.0,
      "isConiferBlock": false
    },
    "croptopia:cherry_crop": {
      "spawnRateFactor": 1.0,
      "isConiferBlock": false
    },
    "croptopia:lemon_crop": {
      "spawnRateFactor": 1.0,
      "isConiferBlock": false
    },
    "betternether:magma_flower": {
      "spawnRateFactor": 1.0,
      "isConiferBlock": false
    },
    "betternether:anchor_tree_sapling": {
      "spawnRateFactor": 1.0,
      "isConiferBlock": false
    },
    "traverse:orange_autumnal_leaves": {
      "spawnRateFactor": 1.8,
      "isConiferBlock": false
    },
    "minecraft:oak_leaves": {
      "spawnRateFactor": 1.0,
      "isConiferBlock": false
    },
    "croptopia:coconut_crop": {
      "spawnRateFactor": 1.0,
      "isConiferBlock": false
    },
    "croptopia:mango_crop": {
      "spawnRateFactor": 1.0,
      "isConiferBlock": false
    },
    "croptopia:cashew_crop": {
      "spawnRateFactor": 1.0,
      "isConiferBlock": false
    },
    "traverse:fir_leaves": {
      "spawnRateFactor": 1.0,
      "isConiferBlock": true
    },
    "croptopia:date_crop": {
      "spawnRateFactor": 1.0,
      "isConiferBlock": false
    },
    "terrestria:cypress_leaves": {
      "spawnRateFactor": 1.0,
      "isConiferBlock": true
    },
    "croptopia:cinnamon_leaves": {
      "spawnRateFactor": 1.0,
      "isConiferBlock": false
    },
    "betternether:golden_vine": {
      "spawnRateFactor": 1.0,
      "isConiferBlock": false
    },
    "croptopia:almond_crop": {
      "spawnRateFactor": 1.0,
      "isConiferBlock": false
    },
    "croptopia:walnut_crop": {
      "spawnRateFactor": 1.0,
      "isConiferBlock": false
    },
    "betternether:rubeus_leaves": {
      "spawnRateFactor": 1.0,
      "isConiferBlock": false
    },
    "betternether:jellyfish_mushroom_sapling": {
      "spawnRateFactor": 1.0,
      "isConiferBlock": false
    },
    "betternether:nether_sakura_sapling": {
      "spawnRateFactor": 1.0,
      "isConiferBlock": false
    },
    "croptopia:pear_crop": {
      "spawnRateFactor": 1.0,
      "isConiferBlock": false
    },
    "croptopia:fig_crop": {
      "spawnRateFactor": 1.0,
      "isConiferBlock": false
    },
    "betternether:eyeball": {
      "spawnRateFactor": 1.0,
      "isConiferBlock": false
    },
    "betterend:cave_bush": {
      "spawnRateFactor": 1.0,
      "isConiferBlock": false
    },
    "croptopia:lime_crop": {
      "spawnRateFactor": 1.0,
      "isConiferBlock": false
    },
    "terrestria:redwood_leaves": {
      "spawnRateFactor": 1.0,
      "isConiferBlock": true
    },
    "croptopia:plum_crop": {
      "spawnRateFactor": 1.0,
      "isConiferBlock": false
    },
    "croptopia:banana_crop": {
      "spawnRateFactor": 1.0,
      "isConiferBlock": false
    },
    "betternether:rubeus_sapling": {
      "spawnRateFactor": 1.0,
      "isConiferBlock": false
    },
    "betternether:black_apple": {
      "spawnRateFactor": 1.0,
      "isConiferBlock": false
    },
    "terrestria:japanese_maple_leaves": {
      "spawnRateFactor": 1.0,
      "isConiferBlock": false
    },
    "betternether:feather_fern": {
      "spawnRateFactor": 1.0,
      "isConiferBlock": false
    },
    "betternether:bone_mushroom": {
      "spawnRateFactor": 1.0,
      "isConiferBlock": false
    },
    "croptopia:orange_crop": {
      "spawnRateFactor": 1.0,
      "isConiferBlock": false
    },
    "croptopia:apricot_crop": {
      "spawnRateFactor": 1.0,
      "isConiferBlock": false
    },
    "croptopia:peach_crop": {
      "spawnRateFactor": 1.0,
      "isConiferBlock": false
    },
    "betternether:black_bush": {
      "spawnRateFactor": 1.0,
      "isConiferBlock": false
    },
    "terrestria:willow_leaves": {
      "spawnRateFactor": 1.0,
      "isConiferBlock": false
    },
    "betternether:anchor_tree_vine": {
      "spawnRateFactor": 1.0,
      "isConiferBlock": false
    },
    "minecraft:cherry_leaves": {
      "spawnRateFactor": 1.0,
      "isConiferBlock": false
    },
    "betterend:tenanea_leaves": {
      "spawnRateFactor": 1.0,
      "isConiferBlock": false
    },
    "croptopia:pecan_crop": {
      "spawnRateFactor": 1.0,
      "isConiferBlock": false
    },
    "betterend:pythadendron_leaves": {
      "spawnRateFactor": 1.0,
      "isConiferBlock": false
    },
    "betternether:eyeball_small": {
      "spawnRateFactor": 1.0,
      "isConiferBlock": false
    },
    "minecraft:jungle_leaves": {
      "spawnRateFactor": 0.0,
      "isConiferBlock": false
    },
    "betternether:egg_plant": {
      "spawnRateFactor": 1.0,
      "isConiferBlock": false
    },
    "betternether:lumabus_vine": {
      "spawnRateFactor": 1.0,
      "isConiferBlock": false
    },
    "croptopia:avocado_crop": {
      "spawnRateFactor": 1.0,
      "isConiferBlock": false
    },
    "wilderwild:cypress_leaves": {
      "spawnRateFactor": 1.0,
      "isConiferBlock": false
    },
    "croptopia:dragonfruit_crop": {
      "spawnRateFactor": 1.0,
      "isConiferBlock": false
    },
    "betternether:willow_sapling": {
      "spawnRateFactor": 1.0,
      "isConiferBlock": false
    },
    "terrestria:hemlock_leaves": {
      "spawnRateFactor": 1.0,
      "isConiferBlock": true
    },
    "betternether:anchor_tree_leaves": {
      "spawnRateFactor": 1.0,
      "isConiferBlock": false
    },
    "croptopia:persimmon_crop": {
      "spawnRateFactor": 1.0,
      "isConiferBlock": false
    },
    "betternether:blooming_vine": {
      "spawnRateFactor": 1.0,
      "isConiferBlock": false
    },
    "croptopia:starfruit_crop": {
      "spawnRateFactor": 1.0,
      "isConiferBlock": false
    },
    "terrestria:dark_japanese_maple_leaves": {
      "spawnRateFactor": 1.0,
      "isConiferBlock": false
    },
    "croptopia:nutmeg_crop": {
      "spawnRateFactor": 1.0,
      "isConiferBlock": false
    },
    "betternether:willow_leaves": {
      "spawnRateFactor": 1.0,
      "isConiferBlock": false
    },
    "minecraft:flowering_azalea_leaves": {
      "spawnRateFactor": 1.0,
      "isConiferBlock": false
    },
    "terrestria:jungle_palm_leaves": {
      "spawnRateFactor": 0.0,
      "isConiferBlock": false
    },
    "minecraft:spruce_leaves": {
      "spawnRateFactor": 1.0,
      "isConiferBlock": true
    },
    "terrestria:rubber_leaves": {
      "spawnRateFactor": 1.0,
      "isConiferBlock": false
    },
    "minecraft:birch_leaves": {
      "spawnRateFactor": 1.0,
      "isConiferBlock": false
    },
    "minecraft:acacia_leaves": {
      "spawnRateFactor": 1.0,
      "isConiferBlock": false
    },
    "terrestria:japanese_maple_shrub_leaves": {
      "spawnRateFactor": 1.0,
      "isConiferBlock": false
    },
    "betternether:nether_sakura_leaves": {
      "spawnRateFactor": 1.0,
      "isConiferBlock": false
    },
    "terrestria:rainbow_eucalyptus_leaves": {
      "spawnRateFactor": 1.0,
      "isConiferBlock": false
    },
    "traverse:yellow_autumnal_leaves": {
      "spawnRateFactor": 1.8,
      "isConiferBlock": false
    },
    "betternether:nether_reed_stem": {
      "spawnRateFactor": 1.0,
      "isConiferBlock": false
    },
    "betternether:orange_mushroom": {
      "spawnRateFactor": 1.0,
      "isConiferBlock": false
    },
    "betternether:mushroom_fir_sapling": {
      "spawnRateFactor": 1.0,
      "isConiferBlock": false
    },
    "betternether:ink_bush": {
      "spawnRateFactor": 1.0,
      "isConiferBlock": false
    },
    "croptopia:kumquat_crop": {
      "spawnRateFactor": 1.0,
      "isConiferBlock": false
    },
    "betternether:whispering_gourd_vine": {
      "spawnRateFactor": 1.0,
      "isConiferBlock": false
    },
    "ad_astra:glacian_leaves": {
      "spawnRateFactor": 1.0,
      "isConiferBlock": false
    },
    "terrestria:yucca_palm_leaves": {
      "spawnRateFactor": 0.0,
      "isConiferBlock": false
    },
    "betterend:dragon_tree_leaves": {
      "spawnRateFactor": 1.0,
      "isConiferBlock": false
    },
    "minecraft:azalea_leaves": {
      "spawnRateFactor": 1.0,
      "isConiferBlock": false
    },
    "traverse:brown_autumnal_leaves": {
      "spawnRateFactor": 1.8,
      "isConiferBlock": false
    },
    "betterend:lucernia_leaves": {
      "spawnRateFactor": 1.0,
      "isConiferBlock": false
    },
    "betternether:neon_equisetum": {
      "spawnRateFactor": 1.0,
      "isConiferBlock": false
    },
    "betternether:golden_lumabus_vine": {
      "spawnRateFactor": 1.0,
      "isConiferBlock": false
    },
    "wilderwild:baobab_leaves": {
      "spawnRateFactor": 1.0,
      "isConiferBlock": false
    },
    "betternether:potted_plant": {
      "spawnRateFactor": 1.0,
      "isConiferBlock": false
    },
    "croptopia:apple_crop": {
      "spawnRateFactor": 1.0,
      "isConiferBlock": false
    },
    "croptopia:grapefruit_crop": {
      "spawnRateFactor": 1.0,
      "isConiferBlock": false
    },
    "betterend:lacugrove_leaves": {
      "spawnRateFactor": 1.0,
      "isConiferBlock": false
    },
    "minecraft:dark_oak_leaves": {
      "spawnRateFactor": 1.0,
      "isConiferBlock": false
    },
    "wilderwild:palm_fronds": {
      "spawnRateFactor": 1.0,
      "isConiferBlock": false
    },
    "blockus:white_oak_leaves": {
      "spawnRateFactor": 1.0,
      "isConiferBlock": false
    },
    "blockus:legacy_leaves": {
      "spawnRateFactor": 1.0,
      "isConiferBlock": false
    },
    "more_slabs_stairs_and_walls:mangrove_leaves_slab": {
      "spawnRateFactor": 1.0,
      "isConiferBlock": false
    },
    "more_slabs_stairs_and_walls:dark_oak_leaves_stairs": {
      "spawnRateFactor": 1.0,
      "isConiferBlock": false
    },
    "more_slabs_stairs_and_walls:mangrove_leaves_stairs": {
      "spawnRateFactor": 1.0,
      "isConiferBlock": false
    },
    "more_slabs_stairs_and_walls:oak_leaves_stairs": {
      "spawnRateFactor": 1.0,
      "isConiferBlock": false
    },
    "more_slabs_stairs_and_walls:flowering_azalea_leaves_slab": {
      "spawnRateFactor": 1.0,
      "isConiferBlock": false
    },
    "more_slabs_stairs_and_walls:oak_leaves_slab": {
      "spawnRateFactor": 1.0,
      "isConiferBlock": false
    },
    "more_slabs_stairs_and_walls:spruce_leaves_slab": {
      "spawnRateFactor": 1.0,
      "isConiferBlock": false
    },
    "more_slabs_stairs_and_walls:dark_oak_leaves_slab": {
      "spawnRateFactor": 1.0,
      "isConiferBlock": false
    },
    "more_slabs_stairs_and_walls:acacia_leaves_slab": {
      "spawnRateFactor": 1.0,
      "isConiferBlock": false
    },
    "more_slabs_stairs_and_walls:azalea_leaves_wall": {
      "spawnRateFactor": 1.0,
      "isConiferBlock": false
    },
    "more_slabs_stairs_and_walls:oak_leaves_wall": {
      "spawnRateFactor": 1.0,
      "isConiferBlock": false
    },
    "more_slabs_stairs_and_walls:jungle_leaves_slab": {
      "spawnRateFactor": 1.0,
      "isConiferBlock": false
    },
    "more_slabs_stairs_and_walls:flowering_azalea_leaves_wall": {
      "spawnRateFactor": 1.0,
      "isConiferBlock": false
    },
    "more_slabs_stairs_and_walls:birch_leaves_slab": {
      "spawnRateFactor": 1.0,
      "isConiferBlock": false
    },
    "more_slabs_stairs_and_walls:azalea_leaves_stairs": {
      "spawnRateFactor": 1.0,
      "isConiferBlock": false
    },
    "more_slabs_stairs_and_walls:acacia_leaves_wall": {
      "spawnRateFactor": 1.0,
      "isConiferBlock": false
    },
    "more_slabs_stairs_and_walls:birch_leaves_wall": {
      "spawnRateFactor": 1.0,
      "isConiferBlock": false
    },
    "more_slabs_stairs_and_walls:flowering_azalea_leaves_stairs": {
      "spawnRateFactor": 1.0,
      "isConiferBlock": false
    },
    "more_slabs_stairs_and_walls:spruce_leaves_wall": {
      "spawnRateFactor": 1.0,
      "isConiferBlock": false
    },
    "more_slabs_stairs_and_walls:jungle_leaves_stairs": {
      "spawnRateFactor": 1.0,
      "isConiferBlock": false
    },
    "more_slabs_stairs_and_walls:spruce_leaves_stairs": {
      "spawnRateFactor": 1.0,
      "isConiferBlock": false
    },
    "more_slabs_stairs_and_walls:birch_leaves_stairs": {
      "spawnRateFactor": 1.0,
      "isConiferBlock": false
    },
    "more_slabs_stairs_and_walls:dark_oak_leaves_wall": {
      "spawnRateFactor": 1.0,
      "isConiferBlock": false
    },
    "more_slabs_stairs_and_walls:azalea_leaves_slab": {
      "spawnRateFactor": 1.0,
      "isConiferBlock": false
    },
    "more_slabs_stairs_and_walls:jungle_leaves_wall": {
      "spawnRateFactor": 1.0,
      "isConiferBlock": false
    },
    "more_slabs_stairs_and_walls:mangrove_leaves_wall": {
      "spawnRateFactor": 1.0,
      "isConiferBlock": false
    },
    "more_slabs_stairs_and_walls:acacia_leaves_stairs": {
      "spawnRateFactor": 1.0,
      "isConiferBlock": false
    }
  },
  "leafSpawners": [],
  "fallSpawnRateFactor": 1.8,
  "winterSpawnRateFactor": 0.1,
  "startingSpawnRadius": 0,
  "decaySpawnRateFactor": 2.6,
  "maxDecayLeaves": 9
}